영역,유형,표준점수,남자,여자
국어,국어,139,310,211
국어,국어,138,795,606
국어,국어,137,263,168
국어,국어,136,1271,987
국어,국어,135,776,603
국어,국어,134,1438,1273
국어,국어,133,1346,1287
국어,국어,132,1675,1553
국어,국어,131,2108,1958
국어,국어,130,1990,1821
국어,국어,129,2657,2546
국어,국어,128,2352,2051
국어,국어,127,3085,3098
국어,국어,126,2727,2655
국어,국어,125,6453,6649
국어,국어,124,3531,3618
국어,국어,123,3591,3790
국어,국어,122,3467,3898
국어,국어,121,3906,4526
국어,국어,120,3758,4212
국어,국어,119,4150,4792
국어,국어,118,3938,4450
국어,국어,117,4460,5359
국어,국어,116,4020,4936
국어,국어,115,4482,5322
국어,국어,114,4258,5105
국어,국어,113,8868,10509
국어,국어,112,4483,5327
국어,국어,111,4749,5564
국어,국어,110,4435,5272
국어,국어,109,4654,5587
국어,국어,108,4383,5204
국어,국어,107,4733,5568
국어,국어,106,4351,5187
국어,국어,105,4514,5150
국어,국어,104,4346,4969
국어,국어,103,4508,4994
국어,국어,102,4326,4940
국어,국어,101,4272,4701
국어,국어,100,8307,9191
국어,국어,99,4066,4355
국어,국어,98,3817,4067
국어,국어,97,3882,4065
국어,국어,96,3674,3927
국어,국어,95,3659,3828
국어,국어,94,3538,3700
국어,국어,93,3415,3635
국어,국어,92,3327,3494
국어,국어,91,3115,3195
국어,국어,90,3076,3093
국어,국어,89,2908,3027
국어,국어,88,2865,2911
국어,국어,87,5486,5433
국어,국어,86,2620,2504
국어,국어,85,2523,2413
국어,국어,84,2517,2299
국어,국어,83,2368,2202
국어,국어,82,2362,2173
국어,국어,81,2292,2055
국어,국어,80,2174,2074
국어,국어,79,2264,2011
국어,국어,78,2143,1873
국어,국어,77,2313,1982
국어,국어,76,2079,1798
국어,국어,75,2605,2059
국어,국어,74,4736,3788
국어,국어,73,2545,1828
국어,국어,72,2393,1814
국어,국어,71,4400,2512
국어,국어,70,2240,1567
국어,국어,69,2368,1629
국어,국어,68,2255,1477
국어,국어,67,2467,1638
국어,국어,66,2161,1370
국어,국어,65,2772,1614
국어,국어,64,2324,1337
국어,국어,63,2664,1447
국어,국어,62,1814,1033
국어,국어,61,9234,3789
국어,국어,60,1078,613
국어,국어,59,1109,561
국어,국어,58,1377,680
국어,국어,57,567,304
국어,국어,56,470,254
국어,국어,55,259,138
국어,국어,54,246,132
국어,국어,53,99,47
국어,국어,52,98,61
국어,국어,51,31,8
국어,국어,50,87,46
국어,국어,49,60,29
국어,국어,47,626,212
수학,수학 가형,124,2772,861
수학,수학 가형,122,176,42
수학,수학 가형,121,8394,3166
수학,수학 가형,120,1,0
수학,수학 가형,119,80,23
수학,수학 가형,118,13521,6209
수학,수학 가형,117,20,6
수학,수학 가형,116,348,115
수학,수학 가형,115,14059,7608
수학,수학 가형,114,92,34
수학,수학 가형,113,610,304
수학,수학 가형,112,3111,1825
수학,수학 가형,111,7650,4394
수학,수학 가형,110,771,441
수학,수학 가형,109,3055,1859
수학,수학 가형,108,4542,2811
수학,수학 가형,107,1275,650
수학,수학 가형,106,2758,1814
수학,수학 가형,105,2816,1745
수학,수학 가형,104,1530,905
수학,수학 가형,103,2354,1514
수학,수학 가형,102,1640,1042
수학,수학 가형,101,504,278
수학,수학 가형,100,3037,1968
수학,수학 가형,99,921,607
수학,수학 가형,98,650,343
수학,수학 가형,97,1326,821
수학,수학 가형,96,1795,1164
수학,수학 가형,95,789,484
수학,수학 가형,94,1060,727
수학,수학 가형,93,1317,819
수학,수학 가형,92,810,524
수학,수학 가형,91,784,517
수학,수학 가형,90,518,321
수학,수학 가형,89,1307,769
수학,수학 가형,88,509,329
수학,수학 가형,87,431,303
수학,수학 가형,86,589,395
수학,수학 가형,85,965,689
수학,수학 가형,84,465,328
수학,수학 가형,83,533,343
수학,수학 가형,82,844,566
수학,수학 가형,81,493,327
수학,수학 가형,80,461,306
수학,수학 가형,79,386,257
수학,수학 가형,78,923,575
수학,수학 가형,77,368,246
수학,수학 가형,76,441,288
수학,수학 가형,75,460,298
수학,수학 가형,74,792,533
수학,수학 가형,73,473,264
수학,수학 가형,72,427,267
수학,수학 가형,71,941,593
수학,수학 가형,70,465,281
수학,수학 가형,69,469,293
수학,수학 가형,68,549,330
수학,수학 가형,67,1039,602
수학,수학 가형,66,559,320
수학,수학 가형,65,558,304
수학,수학 가형,64,625,298
수학,수학 가형,63,1301,615
수학,수학 가형,62,680,288
수학,수학 가형,61,818,372
수학,수학 가형,60,1576,639
수학,수학 가형,59,715,259
수학,수학 가형,58,2448,562
수학,수학 가형,57,611,189
수학,수학 가형,56,2139,603
수학,수학 가형,55,753,203
수학,수학 가형,54,405,127
수학,수학 가형,53,387,133
수학,수학 가형,52,418,135
수학,수학 가형,51,243,70
수학,수학 가형,50,164,51
수학,수학 가형,49,84,29
수학,수학 가형,48,148,39
수학,수학 가형,47,31,4
수학,수학 가형,45,232,43
수학,수학 나형,136,381,161
수학,수학 나형,133,4952,4678
수학,수학 나형,131,277,286
수학,수학 나형,130,5973,7926
수학,수학 나형,129,1,1
수학,수학 나형,128,594,695
수학,수학 나형,127,6191,8927
수학,수학 나형,126,82,103
수학,수학 나형,125,861,1088
수학,수학 나형,124,5870,9078
수학,수학 나형,123,133,198
수학,수학 나형,122,1324,1723
수학,수학 나형,121,5610,8857
수학,수학 나형,120,245,340
수학,수학 나형,119,1720,2516
수학,수학 나형,118,5450,8060
수학,수학 나형,117,462,699
수학,수학 나형,116,6655,9247
수학,수학 나형,115,136,200
수학,수학 나형,114,882,1249
수학,수학 나형,113,5419,7154
수학,수학 나형,112,380,473
수학,수학 나형,111,3813,5139
수학,수학 나형,110,1419,1719
수학,수학 나형,109,740,977
수학,수학 나형,108,3506,4415
수학,수학 나형,107,936,1056
수학,수학 나형,106,2925,3615
수학,수학 나형,105,1166,1443
수학,수학 나형,104,2382,3072
수학,수학 나형,103,1361,1592
수학,수학 나형,102,883,1140
수학,수학 나형,101,2517,3241
수학,수학 나형,100,898,1215
수학,수학 나형,99,2445,3191
수학,수학 나형,98,1024,1347
수학,수학 나형,97,978,1226
수학,수학 나형,96,2377,3165
수학,수학 나형,95,964,1211
수학,수학 나형,94,2460,3222
수학,수학 나형,93,982,1296
수학,수학 나형,92,1226,1598
수학,수학 나형,91,2202,3044
수학,수학 나형,90,1217,1657
수학,수학 나형,89,2497,3380
수학,수학 나형,88,1266,1651
수학,수학 나형,87,1378,1991
수학,수학 나형,86,2549,3595
수학,수학 나형,85,1461,2108
수학,수학 나형,84,2871,4225
수학,수학 나형,83,1619,2268
수학,수학 나형,82,1822,2618
수학,수학 나형,81,3311,4894
수학,수학 나형,80,2122,2820
수학,수학 나형,79,3955,5580
수학,수학 나형,78,2649,3328
수학,수학 나형,77,2274,2942
수학,수학 나형,76,6517,7583
수학,수학 나형,75,2379,3041
수학,수학 나형,74,7468,7615
수학,수학 나형,73,8087,6244
수학,수학 나형,72,1195,1329
수학,수학 나형,71,2557,2992
수학,수학 나형,70,708,724
수학,수학 나형,69,1264,1359
수학,수학 나형,68,307,385
수학,수학 나형,67,550,442
수학,수학 나형,66,130,156
수학,수학 나형,64,449,296
영어,영어,129,6764,6570
영어,영어,128,3371,3009
영어,영어,127,6272,6097
영어,영어,126,1134,952
영어,영어,125,5663,5251
영어,영어,124,7253,6982
영어,영어,123,5666,5618
영어,영어,122,3288,3072
영어,영어,121,4634,4675
영어,영어,120,8284,8460
영어,영어,119,4947,5178
영어,영어,118,3898,4100
영어,영어,117,4303,4365
영어,영어,116,8454,8732
영어,영어,115,4474,4827
영어,영어,114,4122,4273
영어,영어,113,4373,4678
영어,영어,112,8509,9032
영어,영어,111,4280,4666
영어,영어,110,4112,4487
영어,영어,109,4296,4748
영어,영어,108,4170,4541
영어,영어,107,8204,9244
영어,영어,106,4007,4299
영어,영어,105,3898,4503
영어,영어,104,3819,4199
영어,영어,103,7427,8155
영어,영어,102,3562,3964
영어,영어,101,3395,3797
영어,영어,100,3335,3628
영어,영어,99,6193,7040
영어,영어,98,3002,3445
영어,영어,97,2878,3230
영어,영어,96,2758,3180
영어,영어,95,5459,6194
영어,영어,94,2614,2946
영어,영어,93,2528,2955
영어,영어,92,2477,2753
영어,영어,91,4791,5413
영어,영어,90,2269,2544
영어,영어,89,2182,2503
영어,영어,88,2229,2353
영어,영어,87,4274,4667
영어,영어,86,1966,2259
영어,영어,85,2059,2318
영어,영어,84,1958,2166
영어,영어,83,1981,2098
영어,영어,82,3601,3787
영어,영어,81,1818,1835
영어,영어,80,1675,1855
영어,영어,79,1812,1822
영어,영어,78,3301,3509
영어,영어,77,1655,1683
영어,영어,76,1631,1625
영어,영어,75,1591,1527
영어,영어,74,3324,3116
영어,영어,73,1577,1444
영어,영어,72,1864,1598
영어,영어,71,1698,1361
영어,영어,70,3697,2924
영어,영어,69,2497,1697
영어,영어,68,2045,1493
영어,영어,67,2184,1518
영어,영어,66,4327,2954
영어,영어,65,2933,1722
영어,영어,64,5990,3100
영어,영어,63,1818,1144
영어,영어,62,10171,4457
영어,영어,61,1507,816
영어,영어,60,1125,627
영어,영어,59,987,516
영어,영어,58,1766,987
영어,영어,57,676,375
영어,영어,56,294,168
영어,영어,55,270,149
영어,영어,54,117,51
영어,영어,53,157,93
영어,영어,52,69,32
영어,영어,51,4,2
영어,영어,50,60,19
영어,영어,49,675,260
사회탐구,생활과 윤리,72,181,226
사회탐구,생활과 윤리,70,410,800
사회탐구,생활과 윤리,69,350,380
사회탐구,생활과 윤리,68,318,782
사회탐구,생활과 윤리,67,899,1764
사회탐구,생활과 윤리,66,1482,3122
사회탐구,생활과 윤리,65,1067,2047
사회탐구,생활과 윤리,64,739,1731
사회탐구,생활과 윤리,63,1491,3179
사회탐구,생활과 윤리,62,948,2022
사회탐구,생활과 윤리,61,1269,2968
사회탐구,생활과 윤리,60,1503,3261
사회탐구,생활과 윤리,59,2641,5969
사회탐구,생활과 윤리,58,1242,2706
사회탐구,생활과 윤리,57,1284,2912
사회탐구,생활과 윤리,56,1441,3373
사회탐구,생활과 윤리,55,1142,2693
사회탐구,생활과 윤리,54,1382,3237
사회탐구,생활과 윤리,53,2477,5728
사회탐구,생활과 윤리,52,1308,3143
사회탐구,생활과 윤리,51,1138,2481
사회탐구,생활과 윤리,50,1271,2782
사회탐구,생활과 윤리,49,1162,2664
사회탐구,생활과 윤리,48,1039,2445
사회탐구,생활과 윤리,47,2241,5155
사회탐구,생활과 윤리,46,1136,2546
사회탐구,생활과 윤리,45,1179,2442
사회탐구,생활과 윤리,44,1306,2374
사회탐구,생활과 윤리,43,1295,2425
사회탐구,생활과 윤리,42,1296,2305
사회탐구,생활과 윤리,41,2968,3914
사회탐구,생활과 윤리,40,6778,6901
사회탐구,생활과 윤리,39,1512,2255
사회탐구,생활과 윤리,38,1292,1977
사회탐구,생활과 윤리,37,1457,1962
사회탐구,생활과 윤리,36,1327,1783
사회탐구,생활과 윤리,35,1079,1407
사회탐구,생활과 윤리,34,2463,2628
사회탐구,생활과 윤리,33,737,901
사회탐구,생활과 윤리,32,335,418
사회탐구,생활과 윤리,31,245,248
사회탐구,생활과 윤리,30,278,345
사회탐구,생활과 윤리,28,94,91
사회탐구,윤리와 사상,69,234,306
사회탐구,윤리와 사상,67,588,842
사회탐구,윤리와 사상,66,56,71
사회탐구,윤리와 사상,65,441,801
사회탐구,윤리와 사상,64,535,879
사회탐구,윤리와 사상,63,498,986
사회탐구,윤리와 사상,62,518,915
사회탐구,윤리와 사상,61,265,638
사회탐구,윤리와 사상,60,182,374
사회탐구,윤리와 사상,59,414,999
사회탐구,윤리와 사상,58,200,445
사회탐구,윤리와 사상,57,178,485
사회탐구,윤리와 사상,56,331,774
사회탐구,윤리와 사상,55,142,345
사회탐구,윤리와 사상,54,314,725
사회탐구,윤리와 사상,53,151,348
사회탐구,윤리와 사상,52,176,376
사회탐구,윤리와 사상,51,319,773
사회탐구,윤리와 사상,50,148,373
사회탐구,윤리와 사상,49,159,372
사회탐구,윤리와 사상,48,342,860
사회탐구,윤리와 사상,47,213,478
사회탐구,윤리와 사상,46,459,964
사회탐구,윤리와 사상,45,236,546
사회탐구,윤리와 사상,44,250,513
사회탐구,윤리와 사상,43,664,1164
사회탐구,윤리와 사상,42,579,671
사회탐구,윤리와 사상,41,808,1193
사회탐구,윤리와 사상,40,3051,2127
사회탐구,윤리와 사상,39,333,472
사회탐구,윤리와 사상,38,868,1049
사회탐구,윤리와 사상,37,162,221
사회탐구,윤리와 사상,36,214,274
사회탐구,윤리와 사상,35,155,194
사회탐구,윤리와 사상,34,58,80
사회탐구,윤리와 사상,33,32,33
사회탐구,한국 지리,71,463,390
사회탐구,한국 지리,69,248,318
사회탐구,한국 지리,68,742,750
사회탐구,한국 지리,67,789,990
사회탐구,한국 지리,66,681,798
사회탐구,한국 지리,65,420,577
사회탐구,한국 지리,64,917,1152
사회탐구,한국 지리,63,518,722
사회탐구,한국 지리,62,814,1085
사회탐구,한국 지리,61,1370,2108
사회탐구,한국 지리,60,930,1275
사회탐구,한국 지리,59,650,969
사회탐구,한국 지리,58,799,1154
사회탐구,한국 지리,57,733,1197
사회탐구,한국 지리,56,740,1078
사회탐구,한국 지리,55,1525,2474
사회탐구,한국 지리,54,837,1270
사회탐구,한국 지리,53,738,1253
사회탐구,한국 지리,52,786,1204
사회탐구,한국 지리,51,817,1365
사회탐구,한국 지리,50,1493,2570
사회탐구,한국 지리,49,826,1336
사회탐구,한국 지리,48,785,1246
사회탐구,한국 지리,47,788,1440
사회탐구,한국 지리,46,734,1200
사회탐구,한국 지리,45,812,1434
사회탐구,한국 지리,44,1508,2460
사회탐구,한국 지리,43,868,1401
사회탐구,한국 지리,42,763,1119
사회탐구,한국 지리,41,1510,1755
사회탐구,한국 지리,40,781,1177
사회탐구,한국 지리,39,2551,1930
사회탐구,한국 지리,38,1517,1833
사회탐구,한국 지리,37,833,870
사회탐구,한국 지리,36,562,565
사회탐구,한국 지리,35,613,613
사회탐구,한국 지리,34,584,514
사회탐구,한국 지리,33,899,725
사회탐구,한국 지리,32,257,179
사회탐구,한국 지리,31,159,123
사회탐구,한국 지리,30,129,110
사회탐구,한국 지리,28,51,24
사회탐구,세계 지리,70,279,195
사회탐구,세계 지리,69,319,282
사회탐구,세계 지리,68,341,305
사회탐구,세계 지리,67,138,161
사회탐구,세계 지리,66,524,546
사회탐구,세계 지리,65,637,723
사회탐구,세계 지리,64,489,533
사회탐구,세계 지리,63,330,365
사회탐구,세계 지리,62,457,551
사회탐구,세계 지리,61,422,483
사회탐구,세계 지리,60,827,999
사회탐구,세계 지리,59,338,459
사회탐구,세계 지리,58,387,541
사회탐구,세계 지리,57,419,466
사회탐구,세계 지리,56,756,995
사회탐구,세계 지리,55,345,441
사회탐구,세계 지리,54,387,534
사회탐구,세계 지리,53,406,468
사회탐구,세계 지리,52,397,489
사회탐구,세계 지리,51,831,970
사회탐구,세계 지리,50,421,540
사회탐구,세계 지리,49,400,541
사회탐구,세계 지리,48,436,527
사회탐구,세계 지리,47,941,1176
사회탐구,세계 지리,46,466,604
사회탐구,세계 지리,45,513,637
사회탐구,세계 지리,44,529,645
사회탐구,세계 지리,43,1093,1332
사회탐구,세계 지리,42,574,711
사회탐구,세계 지리,41,1818,1258
사회탐구,세계 지리,40,550,625
사회탐구,세계 지리,39,542,595
사회탐구,세계 지리,38,964,963
사회탐구,세계 지리,37,312,351
사회탐구,세계 지리,36,497,438
사회탐구,세계 지리,35,489,432
사회탐구,세계 지리,34,370,306
사회탐구,세계 지리,33,71,62
사회탐구,세계 지리,32,75,74
사회탐구,세계 지리,31,64,61
사회탐구,세계 지리,29,26,18
사회탐구,동아시아사,70,35,12
사회탐구,동아시아사,68,125,57
사회탐구,동아시아사,67,253,124
사회탐구,동아시아사,66,789,329
사회탐구,동아시아사,65,61,40
사회탐구,동아시아사,64,1223,718
사회탐구,동아시아사,63,690,495
사회탐구,동아시아사,62,644,468
사회탐구,동아시아사,61,235,192
사회탐구,동아시아사,60,487,359
사회탐구,동아시아사,59,622,521
사회탐구,동아시아사,58,377,352
사회탐구,동아시아사,57,282,231
사회탐구,동아시아사,56,351,314
사회탐구,동아시아사,55,305,291
사회탐구,동아시아사,54,622,584
사회탐구,동아시아사,53,297,265
사회탐구,동아시아사,52,285,331
사회탐구,동아시아사,51,294,319
사회탐구,동아시아사,50,613,711
사회탐구,동아시아사,49,283,346
사회탐구,동아시아사,48,367,437
사회탐구,동아시아사,47,292,397
사회탐구,동아시아사,46,739,835
사회탐구,동아시아사,45,328,359
사회탐구,동아시아사,44,377,394
사회탐구,동아시아사,43,446,412
사회탐구,동아시아사,42,960,887
사회탐구,동아시아사,41,341,315
사회탐구,동아시아사,40,542,464
사회탐구,동아시아사,39,403,326
사회탐구,동아시아사,38,754,623
사회탐구,동아시아사,37,553,363
사회탐구,동아시아사,36,1032,496
사회탐구,동아시아사,35,247,157
사회탐구,동아시아사,34,305,231
사회탐구,동아시아사,33,52,32
사회탐구,동아시아사,32,55,26
사회탐구,동아시아사,31,37,31
사회탐구,동아시아사,29,20,7
사회탐구,세계사,71,424,99
사회탐구,세계사,69,558,176
사회탐구,세계사,68,133,67
사회탐구,세계사,67,248,132
사회탐구,세계사,66,392,236
사회탐구,세계사,65,197,100
사회탐구,세계사,64,190,118
사회탐구,세계사,63,411,242
사회탐구,세계사,62,202,111
사회탐구,세계사,61,219,120
사회탐구,세계사,60,410,234
사회탐구,세계사,59,173,114
사회탐구,세계사,58,172,129
사회탐구,세계사,57,335,247
사회탐구,세계사,56,187,157
사회탐구,세계사,55,170,124
사회탐구,세계사,54,347,290
사회탐구,세계사,53,177,120
사회탐구,세계사,52,215,152
사회탐구,세계사,51,425,297
사회탐구,세계사,50,232,168
사회탐구,세계사,49,208,195
사회탐구,세계사,48,538,447
사회탐구,세계사,47,307,261
사회탐구,세계사,46,343,298
사회탐구,세계사,45,717,616
사회탐구,세계사,44,437,351
사회탐구,세계사,43,390,387
사회탐구,세계사,42,1209,953
사회탐구,세계사,41,508,433
사회탐구,세계사,40,511,354
사회탐구,세계사,39,1181,765
사회탐구,세계사,38,181,124
사회탐구,세계사,37,154,152
사회탐구,세계사,36,142,124
사회탐구,세계사,35,70,40
사회탐구,세계사,33,10,14
사회탐구,법과 정치,68,209,241
사회탐구,법과 정치,66,295,415
사회탐구,법과 정치,65,352,478
사회탐구,법과 정치,64,351,495
사회탐구,법과 정치,63,127,165
사회탐구,법과 정치,62,561,935
사회탐구,법과 정치,61,175,311
사회탐구,법과 정치,60,324,579
사회탐구,법과 정치,59,484,804
사회탐구,법과 정치,58,258,496
사회탐구,법과 정치,57,252,392
사회탐구,법과 정치,56,609,963
사회탐구,법과 정치,55,274,489
사회탐구,법과 정치,54,305,465
사회탐구,법과 정치,53,490,945
사회탐구,법과 정치,52,243,356
사회탐구,법과 정치,51,245,464
사회탐구,법과 정치,50,403,796
사회탐구,법과 정치,49,185,439
사회탐구,법과 정치,48,179,350
사회탐구,법과 정치,47,341,689
사회탐구,법과 정치,46,143,284
사회탐구,법과 정치,45,154,310
사회탐구,법과 정치,44,316,559
사회탐구,법과 정치,43,179,320
사회탐구,법과 정치,42,198,281
사회탐구,법과 정치,41,492,675
사회탐구,법과 정치,40,224,271
사회탐구,법과 정치,39,578,576
사회탐구,법과 정치,38,537,530
사회탐구,법과 정치,37,334,295
사회탐구,법과 정치,36,370,352
사회탐구,법과 정치,35,1139,799
사회탐구,법과 정치,34,190,180
사회탐구,법과 정치,33,67,69
사회탐구,법과 정치,32,141,141
사회탐구,법과 정치,30,38,28
사회탐구,경제,71,199,46
사회탐구,경제,69,255,72
사회탐구,경제,68,34,15
사회탐구,경제,67,177,63
사회탐구,경제,66,63,34
사회탐구,경제,65,122,35
사회탐구,경제,64,143,66
사회탐구,경제,63,79,37
사회탐구,경제,62,147,75
사회탐구,경제,61,34,33
사회탐구,경제,60,76,43
사회탐구,경제,59,129,61
사회탐구,경제,58,70,39
사회탐구,경제,57,112,70
사회탐구,경제,56,69,25
사회탐구,경제,55,53,34
사회탐구,경제,54,97,91
사회탐구,경제,53,72,47
사회탐구,경제,52,119,107
사회탐구,경제,51,95,49
사회탐구,경제,50,66,48
사회탐구,경제,49,165,124
사회탐구,경제,48,93,68
사회탐구,경제,47,108,85
사회탐구,경제,46,285,196
사회탐구,경제,45,213,121
사회탐구,경제,44,408,241
사회탐구,경제,43,132,78
사회탐구,경제,42,449,276
사회탐구,경제,41,243,178
사회탐구,경제,40,669,331
사회탐구,경제,39,163,104
사회탐구,경제,38,54,24
사회탐구,경제,37,36,22
사회탐구,경제,36,37,20
사회탐구,경제,35,18,14
사회탐구,사회·문화,67,672,1195
사회탐구,사회·문화,65,2359,4488
사회탐구,사회·문화,64,209,490
사회탐구,사회·문화,63,2131,4510
사회탐구,사회·문화,62,1286,2611
사회탐구,사회·문화,61,3331,7544
사회탐구,사회·문화,60,1051,2146
사회탐구,사회·문화,59,1725,3651
사회탐구,사회·문화,58,2355,5525
사회탐구,사회·문화,57,1359,3051
사회탐구,사회·문화,56,1049,2072
사회탐구,사회·문화,55,1198,2570
사회탐구,사회·문화,54,1902,4426
사회탐구,사회·문화,53,1105,2293
사회탐구,사회·문화,52,907,1951
사회탐구,사회·문화,51,1932,4252
사회탐구,사회·문화,50,894,1989
사회탐구,사회·문화,49,983,2167
사회탐구,사회·문화,48,909,2008
사회탐구,사회·문화,47,1904,4175
사회탐구,사회·문화,46,946,1965
사회탐구,사회·문화,45,933,2162
사회탐구,사회·문화,44,1785,3863
사회탐구,사회·문화,43,887,1978
사회탐구,사회·문화,42,1056,1875
사회탐구,사회·문화,41,1051,1901
사회탐구,사회·문화,40,2160,3699
사회탐구,사회·문화,39,905,1609
사회탐구,사회·문화,38,3621,3961
사회탐구,사회·문화,37,2059,3064
사회탐구,사회·문화,36,2325,3021
사회탐구,사회·문화,35,742,1099
사회탐구,사회·문화,34,1217,1472
사회탐구,사회·문화,33,1350,1696
사회탐구,사회·문화,32,645,726
사회탐구,사회·문화,31,266,331
사회탐구,사회·문화,30,457,574
사회탐구,사회·문화,28,92,99
과학탐구,물리 I,73,120,8
과학탐구,물리 I,71,407,45
과학탐구,물리 I,70,190,11
과학탐구,물리 I,69,161,17
과학탐구,물리 I,68,907,117
과학탐구,물리 I,67,771,97
과학탐구,물리 I,66,1308,196
과학탐구,물리 I,65,376,53
과학탐구,물리 I,64,955,160
과학탐구,물리 I,63,1453,296
과학탐구,물리 I,62,594,101
과학탐구,물리 I,61,1276,281
과학탐구,물리 I,60,2142,467
과학탐구,물리 I,59,1471,329
과학탐구,물리 I,58,1050,250
과학탐구,물리 I,57,1066,254
과학탐구,물리 I,56,1238,333
과학탐구,물리 I,55,914,259
과학탐구,물리 I,54,1162,312
과학탐구,물리 I,53,1984,592
과학탐구,물리 I,52,1077,327
과학탐구,물리 I,51,993,275
과학탐구,물리 I,50,1039,306
과학탐구,물리 I,49,1029,278
과학탐구,물리 I,48,1006,283
과학탐구,물리 I,47,1088,351
과학탐구,물리 I,46,2145,679
과학탐구,물리 I,45,1190,316
과학탐구,물리 I,44,1226,349
과학탐구,물리 I,43,1358,366
과학탐구,물리 I,42,1222,390
과학탐구,물리 I,41,1394,376
과학탐구,물리 I,40,2919,785
과학탐구,물리 I,39,1333,373
과학탐구,물리 I,38,2278,435
과학탐구,물리 I,37,997,274
과학탐구,물리 I,36,1279,266
과학탐구,물리 I,35,612,168
과학탐구,물리 I,34,474,133
과학탐구,물리 I,33,546,130
과학탐구,물리 I,32,86,13
과학탐구,물리 I,31,115,31
과학탐구,물리 I,29,30,4
과학탐구,화학 I,68,2363,776
과학탐구,화학 I,66,1534,494
과학탐구,화학 I,65,2610,980
과학탐구,화학 I,64,2010,831
과학탐구,화학 I,63,1737,806
과학탐구,화학 I,62,1180,516
과학탐구,화학 I,61,3920,2036
과학탐구,화학 I,60,1902,984
과학탐구,화학 I,59,2223,1315
과학탐구,화학 I,58,1570,856
과학탐구,화학 I,57,4118,2545
과학탐구,화학 I,56,1970,1191
과학탐구,화학 I,55,2087,1381
과학탐구,화학 I,54,1573,1099
과학탐구,화학 I,53,3641,2559
과학탐구,화학 I,52,1712,1249
과학탐구,화학 I,51,1660,1305
과학탐구,화학 I,50,1402,1039
과학탐구,화학 I,49,3058,2343
과학탐구,화학 I,48,1415,1033
과학탐구,화학 I,47,1334,1096
과학탐구,화학 I,46,1259,932
과학탐구,화학 I,45,2603,2036
과학탐구,화학 I,44,1353,1060
과학탐구,화학 I,43,1327,1073
과학탐구,화학 I,42,1303,998
과학탐구,화학 I,41,2850,2045
과학탐구,화학 I,40,1608,1051
과학탐구,화학 I,39,1581,1151
과학탐구,화학 I,38,1411,912
과학탐구,화학 I,37,4854,2480
과학탐구,화학 I,36,1561,880
과학탐구,화학 I,35,1541,902
과학탐구,화학 I,34,902,535
과학탐구,화학 I,33,2197,1037
과학탐구,화학 I,32,522,274
과학탐구,화학 I,31,335,182
과학탐구,화학 I,30,149,64
과학탐구,화학 I,29,168,96
과학탐구,화학 I,28,49,21
과학탐구,생명 과학 I,74,215,86
과학탐구,생명 과학 I,72,232,128
과학탐구,생명 과학 I,71,619,336
과학탐구,생명 과학 I,70,94,73
과학탐구,생명 과학 I,69,798,591
과학탐구,생명 과학 I,68,935,572
과학탐구,생명 과학 I,67,2068,1591
과학탐구,생명 과학 I,66,1078,711
과학탐구,생명 과학 I,65,1078,862
과학탐구,생명 과학 I,64,1916,1590
과학탐구,생명 과학 I,63,1070,895
과학탐구,생명 과학 I,62,1938,1561
과학탐구,생명 과학 I,61,1939,1587
과학탐구,생명 과학 I,60,1375,1344
과학탐구,생명 과학 I,59,2222,2148
과학탐구,생명 과학 I,58,3624,3418
과학탐구,생명 과학 I,57,2289,2223
과학탐구,생명 과학 I,56,1669,1670
과학탐구,생명 과학 I,55,2314,2279
과학탐구,생명 과학 I,54,1953,1924
과학탐구,생명 과학 I,53,1850,2069
과학탐구,생명 과학 I,52,2251,2300
과학탐구,생명 과학 I,51,1745,1809
과학탐구,생명 과학 I,50,4030,4153
과학탐구,생명 과학 I,49,1850,1930
과학탐구,생명 과학 I,48,1993,1972
과학탐구,생명 과학 I,47,1802,1667
과학탐구,생명 과학 I,46,1976,1922
과학탐구,생명 과학 I,45,1859,1738
과학탐구,생명 과학 I,44,1951,1780
과학탐구,생명 과학 I,43,2034,1795
과학탐구,생명 과학 I,42,4150,3375
과학탐구,생명 과학 I,41,2482,1640
과학탐구,생명 과학 I,40,2351,1811
과학탐구,생명 과학 I,39,2018,1479
과학탐구,생명 과학 I,38,2376,1490
과학탐구,생명 과학 I,37,2927,1590
과학탐구,생명 과학 I,36,1766,1077
과학탐구,생명 과학 I,35,1499,947
과학탐구,생명 과학 I,34,4302,1870
과학탐구,생명 과학 I,33,589,375
과학탐구,생명 과학 I,32,299,160
과학탐구,생명 과학 I,31,425,227
과학탐구,생명 과학 I,29,155,71
과학탐구,지구 과학 I,74,1110,328
과학탐구,지구 과학 I,72,638,213
과학탐구,지구 과학 I,71,1321,394
과학탐구,지구 과학 I,70,256,77
과학탐구,지구 과학 I,69,1240,428
과학탐구,지구 과학 I,68,1158,333
과학탐구,지구 과학 I,67,752,270
과학탐구,지구 과학 I,66,1551,566
과학탐구,지구 과학 I,65,943,367
과학탐구,지구 과학 I,64,2810,1193
과학탐구,지구 과학 I,63,1227,525
과학탐구,지구 과학 I,62,1700,765
과학탐구,지구 과학 I,61,1443,682
과학탐구,지구 과학 I,60,1555,803
과학탐구,지구 과학 I,59,1914,1006
과학탐구,지구 과학 I,58,1783,847
과학탐구,지구 과학 I,57,2036,1116
과학탐구,지구 과학 I,56,1919,1126
과학탐구,지구 과학 I,55,2103,1186
과학탐구,지구 과학 I,54,2149,1351
과학탐구,지구 과학 I,53,2315,1300
과학탐구,지구 과학 I,52,2471,1585
과학탐구,지구 과학 I,51,5120,3139
과학탐구,지구 과학 I,50,2667,1757
과학탐구,지구 과학 I,49,2710,1726
과학탐구,지구 과학 I,48,2841,1921
과학탐구,지구 과학 I,47,2631,1756
과학탐구,지구 과학 I,46,2778,1863
과학탐구,지구 과학 I,45,2567,1751
과학탐구,지구 과학 I,44,2641,1800
과학탐구,지구 과학 I,43,2496,1707
과학탐구,지구 과학 I,42,2358,1429
과학탐구,지구 과학 I,41,2516,1655
과학탐구,지구 과학 I,40,1984,1266
과학탐구,지구 과학 I,39,2298,1316
과학탐구,지구 과학 I,38,6271,2764
과학탐구,지구 과학 I,37,1825,918
과학탐구,지구 과학 I,36,1035,593
과학탐구,지구 과학 I,35,1067,524
과학탐구,지구 과학 I,34,923,521
과학탐구,지구 과학 I,33,551,214
과학탐구,지구 과학 I,32,619,261
과학탐구,지구 과학 I,31,273,150
과학탐구,지구 과학 I,30,148,74
과학탐구,지구 과학 I,29,191,86
과학탐구,지구 과학 I,27,58,14
과학탐구,물리 II,72,42,1
과학탐구,물리 II,71,43,2
과학탐구,물리 II,70,52,0
과학탐구,물리 II,69,96,8
과학탐구,물리 II,68,32,4
과학탐구,물리 II,67,52,1
과학탐구,물리 II,66,154,4
과학탐구,물리 II,65,90,11
과학탐구,물리 II,64,56,4
과학탐구,물리 II,63,125,17
과학탐구,물리 II,62,51,2
과학탐구,물리 II,61,45,9
과학탐구,물리 II,60,102,10
과학탐구,물리 II,59,72,7
과학탐구,물리 II,58,50,3
과학탐구,물리 II,57,96,18
과학탐구,물리 II,56,51,8
과학탐구,물리 II,55,34,5
과학탐구,물리 II,54,63,12
과학탐구,물리 II,53,36,11
과학탐구,물리 II,52,38,4
과학탐구,물리 II,51,46,11
과학탐구,물리 II,50,93,18
과학탐구,물리 II,49,59,16
과학탐구,물리 II,48,60,16
과학탐구,물리 II,47,150,28
과학탐구,물리 II,46,67,19
과학탐구,물리 II,45,98,22
과학탐구,물리 II,44,239,52
과학탐구,물리 II,43,541,72
과학탐구,물리 II,42,156,30
과학탐구,물리 II,41,434,78
과학탐구,물리 II,40,121,26
과학탐구,물리 II,39,48,12
과학탐구,물리 II,38,95,30
과학탐구,물리 II,37,25,2
과학탐구,물리 II,36,36,7
과학탐구,물리 II,35,12,2
과학탐구,화학 II,72,35,3
과학탐구,화학 II,71,52,6
과학탐구,화학 II,70,28,3
과학탐구,화학 II,69,111,14
과학탐구,화학 II,68,33,3
과학탐구,화학 II,67,76,12
과학탐구,화학 II,66,72,11
과학탐구,화학 II,65,135,26
과학탐구,화학 II,64,43,10
과학탐구,화학 II,63,49,15
과학탐구,화학 II,62,161,28
과학탐구,화학 II,61,71,14
과학탐구,화학 II,60,56,9
과학탐구,화학 II,59,103,33
과학탐구,화학 II,58,48,16
과학탐구,화학 II,57,47,21
과학탐구,화학 II,56,48,18
과학탐구,화학 II,55,93,31
과학탐구,화학 II,54,46,15
과학탐구,화학 II,53,48,14
과학탐구,화학 II,52,119,33
과학탐구,화학 II,51,47,20
과학탐구,화학 II,50,50,22
과학탐구,화학 II,49,122,52
과학탐구,화학 II,48,74,34
과학탐구,화학 II,47,80,33
과학탐구,화학 II,46,66,41
과학탐구,화학 II,45,193,86
과학탐구,화학 II,44,105,31
과학탐구,화학 II,43,247,69
과학탐구,화학 II,42,309,94
과학탐구,화학 II,41,409,79
과학탐구,화학 II,40,115,35
과학탐구,화학 II,39,177,51
과학탐구,화학 II,38,63,16
과학탐구,화학 II,37,43,6
과학탐구,화학 II,36,21,5
과학탐구,화학 II,35,42,13
과학탐구,화학 II,34,17,2
과학탐구,생명 과학 II,69,82,25
과학탐구,생명 과학 II,67,291,135
과학탐구,생명 과학 II,66,4,2
과학탐구,생명 과학 II,65,117,62
과학탐구,생명 과학 II,64,455,258
과학탐구,생명 과학 II,63,301,197
과학탐구,생명 과학 II,62,408,229
과학탐구,생명 과학 II,61,96,85
과학탐구,생명 과학 II,60,579,376
과학탐구,생명 과학 II,59,187,104
과학탐구,생명 과학 II,58,292,177
과학탐구,생명 과학 II,57,341,264
과학탐구,생명 과학 II,56,155,132
과학탐구,생명 과학 II,55,149,91
과학탐구,생명 과학 II,54,162,121
과학탐구,생명 과학 II,53,284,240
과학탐구,생명 과학 II,52,110,98
과학탐구,생명 과학 II,51,124,112
과학탐구,생명 과학 II,50,241,205
과학탐구,생명 과학 II,49,123,108
과학탐구,생명 과학 II,48,126,127
과학탐구,생명 과학 II,47,275,261
과학탐구,생명 과학 II,46,132,134
과학탐구,생명 과학 II,45,196,158
과학탐구,생명 과학 II,44,160,164
과학탐구,생명 과학 II,43,369,336
과학탐구,생명 과학 II,42,172,164
과학탐구,생명 과학 II,41,371,234
과학탐구,생명 과학 II,40,457,332
과학탐구,생명 과학 II,39,672,235
과학탐구,생명 과학 II,38,210,149
과학탐구,생명 과학 II,37,389,208
과학탐구,생명 과학 II,36,135,73
과학탐구,생명 과학 II,35,168,85
과학탐구,생명 과학 II,34,113,65
과학탐구,생명 과학 II,33,97,53
과학탐구,생명 과학 II,32,35,29
과학탐구,생명 과학 II,30,16,10
과학탐구,지구 과학 II,69,165,20
과학탐구,지구 과학 II,68,151,27
과학탐구,지구 과학 II,67,154,34
과학탐구,지구 과학 II,66,309,79
과학탐구,지구 과학 II,65,137,36
과학탐구,지구 과학 II,64,154,42
과학탐구,지구 과학 II,63,325,59
과학탐구,지구 과학 II,62,169,46
과학탐구,지구 과학 II,61,174,56
과학탐구,지구 과학 II,60,309,87
과학탐구,지구 과학 II,59,157,37
과학탐구,지구 과학 II,58,137,44
과학탐구,지구 과학 II,57,296,100
과학탐구,지구 과학 II,56,155,53
과학탐구,지구 과학 II,55,281,111
과학탐구,지구 과학 II,54,158,60
과학탐구,지구 과학 II,53,103,41
과학탐구,지구 과학 II,52,261,131
과학탐구,지구 과학 II,51,121,53
과학탐구,지구 과학 II,50,124,59
과학탐구,지구 과학 II,49,267,113
과학탐구,지구 과학 II,48,137,72
과학탐구,지구 과학 II,47,154,71
과학탐구,지구 과학 II,46,308,131
과학탐구,지구 과학 II,45,183,71
과학탐구,지구 과학 II,44,182,74
과학탐구,지구 과학 II,43,381,150
과학탐구,지구 과학 II,42,624,153
과학탐구,지구 과학 II,41,199,81
과학탐구,지구 과학 II,40,481,148
과학탐구,지구 과학 II,39,197,60
과학탐구,지구 과학 II,38,391,102
과학탐구,지구 과학 II,37,358,97
과학탐구,지구 과학 II,36,168,37
과학탐구,지구 과학 II,35,50,18
과학탐구,지구 과학 II,34,140,50
과학탐구,지구 과학 II,32,25,5
직업탐구,농업 이해,84,0,1
직업탐구,농업 이해,83,2,0
직업탐구,농업 이해,81,0,1
직업탐구,농업 이해,80,2,1
직업탐구,농업 이해,79,4,0
직업탐구,농업 이해,78,2,1
직업탐구,농업 이해,77,4,1
직업탐구,농업 이해,76,1,3
직업탐구,농업 이해,75,4,4
직업탐구,농업 이해,73,4,6
직업탐구,농업 이해,72,4,4
직업탐구,농업 이해,71,2,4
직업탐구,농업 이해,70,3,2
직업탐구,농업 이해,69,2,8
직업탐구,농업 이해,68,4,6
직업탐구,농업 이해,67,6,9
직업탐구,농업 이해,66,1,7
직업탐구,농업 이해,65,3,2
직업탐구,농업 이해,64,7,6
직업탐구,농업 이해,63,5,11
직업탐구,농업 이해,62,5,3
직업탐구,농업 이해,60,7,11
직업탐구,농업 이해,59,2,5
직업탐구,농업 이해,58,7,5
직업탐구,농업 이해,57,4,3
직업탐구,농업 이해,56,1,6
직업탐구,농업 이해,55,5,4
직업탐구,농업 이해,54,10,5
직업탐구,농업 이해,53,16,11
직업탐구,농업 이해,52,5,11
직업탐구,농업 이해,51,15,9
직업탐구,농업 이해,50,17,22
직업탐구,농업 이해,48,32,11
직업탐구,농업 이해,47,28,8
직업탐구,농업 이해,46,124,53
직업탐구,농업 이해,45,25,14
직업탐구,농업 이해,44,23,11
직업탐구,농업 이해,43,32,22
직업탐구,농업 이해,42,52,26
직업탐구,농업 이해,41,15,8
직업탐구,농업 이해,40,22,13
직업탐구,농업 이해,39,6,6
직업탐구,농업 이해,38,9,5
직업탐구,농업 이해,36,6,6
직업탐구,농업 이해,34,5,5
직업탐구,농업 기초 기술,83,1,0
직업탐구,농업 기초 기술,82,0,1
직업탐구,농업 기초 기술,81,1,0
직업탐구,농업 기초 기술,80,0,2
직업탐구,농업 기초 기술,78,1,1
직업탐구,농업 기초 기술,77,2,3
직업탐구,농업 기초 기술,76,5,2
직업탐구,농업 기초 기술,75,1,2
직업탐구,농업 기초 기술,74,3,2
직업탐구,농업 기초 기술,72,2,4
직업탐구,농업 기초 기술,71,4,2
직업탐구,농업 기초 기술,70,1,5
직업탐구,농업 기초 기술,69,2,8
직업탐구,농업 기초 기술,67,2,6
직업탐구,농업 기초 기술,66,6,9
직업탐구,농업 기초 기술,65,1,6
직업탐구,농업 기초 기술,64,2,9
직업탐구,농업 기초 기술,62,2,7
직업탐구,농업 기초 기술,61,6,1
직업탐구,농업 기초 기술,60,5,6
직업탐구,농업 기초 기술,59,8,3
직업탐구,농업 기초 기술,57,3,8
직업탐구,농업 기초 기술,56,7,4
직업탐구,농업 기초 기술,55,2,9
직업탐구,농업 기초 기술,54,8,6
직업탐구,농업 기초 기술,53,10,11
직업탐구,농업 기초 기술,51,86,32
직업탐구,농업 기초 기술,50,13,15
직업탐구,농업 기초 기술,49,15,9
직업탐구,농업 기초 기술,48,20,7
직업탐구,농업 기초 기술,46,15,11
직업탐구,농업 기초 기술,45,12,9
직업탐구,농업 기초 기술,44,36,16
직업탐구,농업 기초 기술,43,50,19
직업탐구,농업 기초 기술,41,31,14
직업탐구,농업 기초 기술,40,36,17
직업탐구,농업 기초 기술,39,12,7
직업탐구,농업 기초 기술,38,8,6
직업탐구,농업 기초 기술,36,6,4
직업탐구,농업 기초 기술,35,1,1
직업탐구,농업 기초 기술,34,4,3
직업탐구,농업 기초 기술,32,3,2
직업탐구,공업 일반,71,40,9
직업탐구,공업 일반,69,60,21
직업탐구,공업 일반,68,8,2
직업탐구,공업 일반,67,42,12
직업탐구,공업 일반,66,61,10
직업탐구,공업 일반,65,31,11
직업탐구,공업 일반,64,27,6
직업탐구,공업 일반,63,51,18
직업탐구,공업 일반,62,18,8
직업탐구,공업 일반,61,29,5
직업탐구,공업 일반,60,52,18
직업탐구,공업 일반,59,25,13
직업탐구,공업 일반,58,33,11
직업탐구,공업 일반,57,41,21
직업탐구,공업 일반,56,20,16
직업탐구,공업 일반,55,31,12
직업탐구,공업 일반,54,52,21
직업탐구,공업 일반,53,18,12
직업탐구,공업 일반,52,18,14
직업탐구,공업 일반,51,44,22
직업탐구,공업 일반,50,19,11
직업탐구,공업 일반,49,35,12
직업탐구,공업 일반,48,53,28
직업탐구,공업 일반,47,39,10
직업탐구,공업 일반,46,35,13
직업탐구,공업 일반,45,240,59
직업탐구,공업 일반,44,49,24
직업탐구,공업 일반,43,64,23
직업탐구,공업 일반,42,124,26
직업탐구,공업 일반,41,63,21
직업탐구,공업 일반,40,77,28
직업탐구,공업 일반,39,141,35
직업탐구,공업 일반,38,43,16
직업탐구,공업 일반,37,33,8
직업탐구,공업 일반,36,31,10
직업탐구,공업 일반,35,16,6
직업탐구,공업 일반,34,5,0
직업탐구,기초 제도,77,7,2
직업탐구,기초 제도,75,18,7
직업탐구,기초 제도,73,18,2
직업탐구,기초 제도,72,21,7
직업탐구,기초 제도,71,19,2
직업탐구,기초 제도,70,22,5
직업탐구,기초 제도,69,8,6
직업탐구,기초 제도,68,41,14
직업탐구,기초 제도,67,16,5
직업탐구,기초 제도,66,20,8
직업탐구,기초 제도,65,37,6
직업탐구,기초 제도,64,21,11
직업탐구,기초 제도,63,20,11
직업탐구,기초 제도,62,19,4
직업탐구,기초 제도,61,50,14
직업탐구,기초 제도,60,14,4
직업탐구,기초 제도,59,19,9
직업탐구,기초 제도,58,26,8
직업탐구,기초 제도,57,29,13
직업탐구,기초 제도,56,33,16
직업탐구,기초 제도,55,20,4
직업탐구,기초 제도,54,52,18
직업탐구,기초 제도,53,29,12
직업탐구,기초 제도,52,44,10
직업탐구,기초 제도,51,38,14
직업탐구,기초 제도,50,37,15
직업탐구,기초 제도,49,45,20
직업탐구,기초 제도,48,45,14
직업탐구,기초 제도,47,45,20
직업탐구,기초 제도,46,155,50
직업탐구,기초 제도,45,56,23
직업탐구,기초 제도,44,188,49
직업탐구,기초 제도,43,72,31
직업탐구,기초 제도,42,70,34
직업탐구,기초 제도,41,70,28
직업탐구,기초 제도,40,57,19
직업탐구,기초 제도,39,101,38
직업탐구,기초 제도,38,38,13
직업탐구,기초 제도,37,29,6
직업탐구,기초 제도,36,12,3
직업탐구,기초 제도,35,19,4
직업탐구,기초 제도,33,1,0
직업탐구,상업 경제,83,13,14
직업탐구,상업 경제,81,2,8
직업탐구,상업 경제,80,16,27
직업탐구,상업 경제,79,1,1
직업탐구,상업 경제,78,9,17
직업탐구,상업 경제,77,12,27
직업탐구,상업 경제,76,9,6
직업탐구,상업 경제,75,17,22
직업탐구,상업 경제,74,17,17
직업탐구,상업 경제,73,11,16
직업탐구,상업 경제,72,15,19
직업탐구,상업 경제,71,17,17
직업탐구,상업 경제,70,13,26
직업탐구,상업 경제,69,9,25
직업탐구,상업 경제,68,16,23
직업탐구,상업 경제,67,18,27
직업탐구,상업 경제,66,13,37
직업탐구,상업 경제,65,34,60
직업탐구,상업 경제,64,17,35
직업탐구,상업 경제,63,11,33
직업탐구,상업 경제,62,15,39
직업탐구,상업 경제,61,14,37
직업탐구,상업 경제,60,22,53
직업탐구,상업 경제,59,18,56
직업탐구,상업 경제,58,23,66
직업탐구,상업 경제,57,17,68
직업탐구,상업 경제,56,21,67
직업탐구,상업 경제,55,20,66
직업탐구,상업 경제,54,14,81
직업탐구,상업 경제,53,32,96
직업탐구,상업 경제,52,25,92
직업탐구,상업 경제,51,55,119
직업탐구,상업 경제,50,42,118
직업탐구,상업 경제,49,84,229
직업탐구,상업 경제,48,65,159
직업탐구,상업 경제,47,143,360
직업탐구,상업 경제,46,62,165
직업탐구,상업 경제,45,74,192
직업탐구,상업 경제,44,64,165
직업탐구,상업 경제,43,103,179
직업탐구,상업 경제,42,338,445
직업탐구,상업 경제,41,56,83
직업탐구,상업 경제,40,56,147
직업탐구,상업 경제,39,36,70
직업탐구,상업 경제,38,23,45
직업탐구,상업 경제,37,24,44
직업탐구,상업 경제,35,13,17
직업탐구,회계 원리,86,6,9
직업탐구,회계 원리,83,0,3
직업탐구,회계 원리,82,13,12
직업탐구,회계 원리,80,4,4
직업탐구,회계 원리,79,12,17
직업탐구,회계 원리,78,3,0
직업탐구,회계 원리,77,7,5
직업탐구,회계 원리,76,10,20
직업탐구,회계 원리,75,0,1
직업탐구,회계 원리,74,7,12
직업탐구,회계 원리,73,17,31
직업탐구,회계 원리,72,0,5
직업탐구,회계 원리,71,12,22
직업탐구,회계 원리,69,24,43
직업탐구,회계 원리,68,6,11
직업탐구,회계 원리,67,13,54
직업탐구,회계 원리,66,29,62
직업탐구,회계 원리,65,12,26
직업탐구,회계 원리,64,36,83
직업탐구,회계 원리,63,16,81
직업탐구,회계 원리,62,23,70
직업탐구,회계 원리,61,36,112
직업탐구,회계 원리,60,23,79
직업탐구,회계 원리,59,20,94
직업탐구,회계 원리,58,25,106
직업탐구,회계 원리,57,22,81
직업탐구,회계 원리,56,19,108
직업탐구,회계 원리,54,30,98
직업탐구,회계 원리,53,35,126
직업탐구,회계 원리,52,42,128
직업탐구,회계 원리,51,42,103
직업탐구,회계 원리,50,47,122
직업탐구,회계 원리,49,55,147
직업탐구,회계 원리,48,52,147
직업탐구,회계 원리,47,59,166
직업탐구,회계 원리,46,109,232
직업탐구,회계 원리,45,79,187
직업탐구,회계 원리,44,283,388
직업탐구,회계 원리,43,74,142
직업탐구,회계 원리,42,70,136
직업탐구,회계 원리,41,67,128
직업탐구,회계 원리,40,126,225
직업탐구,회계 원리,38,51,66
직업탐구,회계 원리,37,52,73
직업탐구,회계 원리,36,16,38
직업탐구,회계 원리,35,29,32
직업탐구,회계 원리,34,11,31
직업탐구,회계 원리,32,15,11
직업탐구,해양의 이해,83,1,0
직업탐구,해양의 이해,80,2,0
직업탐구,해양의 이해,78,1,3
직업탐구,해양의 이해,77,2,1
직업탐구,해양의 이해,75,0,2
직업탐구,해양의 이해,74,3,2
직업탐구,해양의 이해,73,2,1
직업탐구,해양의 이해,71,0,1
직업탐구,해양의 이해,70,2,1
직업탐구,해양의 이해,68,3,1
직업탐구,해양의 이해,67,2,1
직업탐구,해양의 이해,65,0,1
직업탐구,해양의 이해,64,3,0
직업탐구,해양의 이해,63,4,1
직업탐구,해양의 이해,61,3,3
직업탐구,해양의 이해,60,3,1
직업탐구,해양의 이해,58,5,5
직업탐구,해양의 이해,57,8,6
직업탐구,해양의 이해,55,1,3
직업탐구,해양의 이해,54,9,4
직업탐구,해양의 이해,53,9,1
직업탐구,해양의 이해,51,4,4
직업탐구,해양의 이해,50,22,19
직업탐구,해양의 이해,48,13,4
직업탐구,해양의 이해,47,8,7
직업탐구,해양의 이해,45,11,10
직업탐구,해양의 이해,44,41,23
직업탐구,해양의 이해,43,14,4
직업탐구,해양의 이해,41,8,6
직업탐구,해양의 이해,40,6,3
직업탐구,해양의 이해,38,6,3
직업탐구,해양의 이해,37,4,1
직업탐구,해양의 이해,35,2,1
직업탐구,해양의 이해,34,3,3
직업탐구,해양의 이해,31,1,0
직업탐구,수산·해운 산업 기초,86,1,0
직업탐구,수산·해운 산업 기초,84,2,0
직업탐구,수산·해운 산업 기초,82,1,0
직업탐구,수산·해운 산업 기초,81,1,1
직업탐구,수산·해운 산업 기초,79,4,0
직업탐구,수산·해운 산업 기초,78,0,1
직업탐구,수산·해운 산업 기초,76,1,0
직업탐구,수산·해운 산업 기초,74,1,1
직업탐구,수산·해운 산업 기초,71,0,2
직업탐구,수산·해운 산업 기초,70,1,0
직업탐구,수산·해운 산업 기초,69,1,0
직업탐구,수산·해운 산업 기초,68,3,0
직업탐구,수산·해운 산업 기초,67,2,0
직업탐구,수산·해운 산업 기초,65,1,3
직업탐구,수산·해운 산업 기초,64,1,1
직업탐구,수산·해운 산업 기초,63,1,1
직업탐구,수산·해운 산업 기초,62,0,1
직업탐구,수산·해운 산업 기초,61,1,1
직업탐구,수산·해운 산업 기초,60,0,1
직업탐구,수산·해운 산업 기초,59,2,1
직업탐구,수산·해운 산업 기초,57,2,1
직업탐구,수산·해운 산업 기초,55,4,5
직업탐구,수산·해운 산업 기초,54,4,2
직업탐구,수산·해운 산업 기초,53,4,2
직업탐구,수산·해운 산업 기초,52,11,2
직업탐구,수산·해운 산업 기초,51,3,4
직업탐구,수산·해운 산업 기초,50,6,3
직업탐구,수산·해운 산업 기초,49,5,3
직업탐구,수산·해운 산업 기초,48,12,4
직업탐구,수산·해운 산업 기초,47,20,11
직업탐구,수산·해운 산업 기초,46,8,4
직업탐구,수산·해운 산업 기초,45,14,8
직업탐구,수산·해운 산업 기초,43,3,3
직업탐구,수산·해운 산업 기초,42,35,8
직업탐구,수산·해운 산업 기초,41,7,2
직업탐구,수산·해운 산업 기초,40,3,0
직업탐구,수산·해운 산업 기초,39,3,3
직업탐구,수산·해운 산업 기초,38,3,2
직업탐구,인간 발달,79,0,5
직업탐구,인간 발달,77,0,10
직업탐구,인간 발달,76,1,9
직업탐구,인간 발달,75,2,7
직업탐구,인간 발달,74,5,21
직업탐구,인간 발달,73,0,4
직업탐구,인간 발달,72,0,14
직업탐구,인간 발달,71,7,10
직업탐구,인간 발달,70,0,9
직업탐구,인간 발달,69,1,11
직업탐구,인간 발달,68,3,17
직업탐구,인간 발달,67,3,14
직업탐구,인간 발달,66,5,24
직업탐구,인간 발달,65,0,20
직업탐구,인간 발달,64,4,15
직업탐구,인간 발달,63,4,17
직업탐구,인간 발달,62,5,21
직업탐구,인간 발달,61,5,20
직업탐구,인간 발달,60,4,20
직업탐구,인간 발달,59,10,59
직업탐구,인간 발달,58,7,33
직업탐구,인간 발달,57,5,32
직업탐구,인간 발달,56,13,37
직업탐구,인간 발달,55,4,42
직업탐구,인간 발달,54,11,35
직업탐구,인간 발달,53,9,24
직업탐구,인간 발달,52,9,32
직업탐구,인간 발달,51,9,48
직업탐구,인간 발달,50,13,37
직업탐구,인간 발달,49,19,48
직업탐구,인간 발달,48,10,58
직업탐구,인간 발달,47,83,97
직업탐구,인간 발달,46,21,52
직업탐구,인간 발달,45,14,50
직업탐구,인간 발달,44,20,46
직업탐구,인간 발달,43,44,97
직업탐구,인간 발달,42,21,46
직업탐구,인간 발달,41,22,50
직업탐구,인간 발달,40,17,33
직업탐구,인간 발달,39,31,73
직업탐구,인간 발달,38,9,23
직업탐구,인간 발달,37,17,29
직업탐구,인간 발달,36,5,9
직업탐구,인간 발달,35,9,18
직업탐구,인간 발달,34,11,6
직업탐구,인간 발달,32,4,7
직업탐구,생활 서비스 산업의 이해,72,1,1
직업탐구,생활 서비스 산업의 이해,70,3,18
직업탐구,생활 서비스 산업의 이해,68,2,5
직업탐구,생활 서비스 산업의 이해,67,1,25
직업탐구,생활 서비스 산업의 이해,66,7,39
직업탐구,생활 서비스 산업의 이해,65,10,38
직업탐구,생활 서비스 산업의 이해,64,1,19
직업탐구,생활 서비스 산업의 이해,63,5,41
직업탐구,생활 서비스 산업의 이해,62,14,79
직업탐구,생활 서비스 산업의 이해,61,8,49
직업탐구,생활 서비스 산업의 이해,60,7,23
직업탐구,생활 서비스 산업의 이해,59,11,53
직업탐구,생활 서비스 산업의 이해,58,10,74
직업탐구,생활 서비스 산업의 이해,57,6,33
직업탐구,생활 서비스 산업의 이해,56,2,38
직업탐구,생활 서비스 산업의 이해,55,5,45
직업탐구,생활 서비스 산업의 이해,54,11,42
직업탐구,생활 서비스 산업의 이해,53,5,20
직업탐구,생활 서비스 산업의 이해,52,4,14
직업탐구,생활 서비스 산업의 이해,51,1,25
직업탐구,생활 서비스 산업의 이해,50,6,36
직업탐구,생활 서비스 산업의 이해,49,3,17
직업탐구,생활 서비스 산업의 이해,48,6,8
직업탐구,생활 서비스 산업의 이해,47,4,21
직업탐구,생활 서비스 산업의 이해,46,19,42
직업탐구,생활 서비스 산업의 이해,45,11,25
직업탐구,생활 서비스 산업의 이해,44,15,28
직업탐구,생활 서비스 산업의 이해,43,24,51
직업탐구,생활 서비스 산업의 이해,42,49,92
직업탐구,생활 서비스 산업의 이해,41,63,83
직업탐구,생활 서비스 산업의 이해,40,22,38
직업탐구,생활 서비스 산업의 이해,39,17,28
직업탐구,생활 서비스 산업의 이해,38,25,60
직업탐구,생활 서비스 산업의 이해,37,8,11
직업탐구,생활 서비스 산업의 이해,36,15,39
직업탐구,생활 서비스 산업의 이해,35,7,12
직업탐구,생활 서비스 산업의 이해,34,10,25
직업탐구,생활 서비스 산업의 이해,32,0,1
제2외국어 한문,독일어 I,64,1,3
제2외국어 한문,독일어 I,63,2,0
제2외국어 한문,독일어 I,62,12,30
제2외국어 한문,독일어 I,61,12,31
제2외국어 한문,독일어 I,60,14,28
제2외국어 한문,독일어 I,59,31,66
제2외국어 한문,독일어 I,58,12,30
제2외국어 한문,독일어 I,57,26,55
제2외국어 한문,독일어 I,56,10,27
제2외국어 한문,독일어 I,55,6,28
제2외국어 한문,독일어 I,54,15,46
제2외국어 한문,독일어 I,53,4,13
제2외국어 한문,독일어 I,52,5,20
제2외국어 한문,독일어 I,51,8,13
제2외국어 한문,독일어 I,50,6,13
제2외국어 한문,독일어 I,49,5,17
제2외국어 한문,독일어 I,48,4,4
제2외국어 한문,독일어 I,47,5,15
제2외국어 한문,독일어 I,46,0,5
제2외국어 한문,독일어 I,45,2,2
제2외국어 한문,독일어 I,44,5,17
제2외국어 한문,독일어 I,43,1,4
제2외국어 한문,독일어 I,42,1,2
제2외국어 한문,독일어 I,41,7,13
제2외국어 한문,독일어 I,40,1,3
제2외국어 한문,독일어 I,39,7,18
제2외국어 한문,독일어 I,38,7,1
제2외국어 한문,독일어 I,37,11,5
제2외국어 한문,독일어 I,36,24,22
제2외국어 한문,독일어 I,35,21,15
제2외국어 한문,독일어 I,34,31,33
제2외국어 한문,독일어 I,33,12,9
제2외국어 한문,독일어 I,32,8,5
제2외국어 한문,독일어 I,31,1,2
제2외국어 한문,독일어 I,30,1,1
제2외국어 한문,독일어 I,29,1,0
제2외국어 한문,프랑스어 I,65,2,4
제2외국어 한문,프랑스어 I,64,5,19
제2외국어 한문,프랑스어 I,63,3,13
제2외국어 한문,프랑스어 I,62,5,24
제2외국어 한문,프랑스어 I,61,6,26
제2외국어 한문,프랑스어 I,60,17,54
제2외국어 한문,프랑스어 I,59,7,32
제2외국어 한문,프랑스어 I,58,7,32
제2외국어 한문,프랑스어 I,57,4,34
제2외국어 한문,프랑스어 I,56,21,50
제2외국어 한문,프랑스어 I,55,11,25
제2외국어 한문,프랑스어 I,54,8,30
제2외국어 한문,프랑스어 I,53,7,58
제2외국어 한문,프랑스어 I,52,3,14
제2외국어 한문,프랑스어 I,51,5,14
제2외국어 한문,프랑스어 I,50,3,15
제2외국어 한문,프랑스어 I,49,7,33
제2외국어 한문,프랑스어 I,48,3,9
제2외국어 한문,프랑스어 I,47,3,11
제2외국어 한문,프랑스어 I,46,2,9
제2외국어 한문,프랑스어 I,45,6,15
제2외국어 한문,프랑스어 I,44,2,7
제2외국어 한문,프랑스어 I,43,1,9
제2외국어 한문,프랑스어 I,42,4,16
제2외국어 한문,프랑스어 I,41,3,8
제2외국어 한문,프랑스어 I,40,3,6
제2외국어 한문,프랑스어 I,39,4,7
제2외국어 한문,프랑스어 I,38,14,14
제2외국어 한문,프랑스어 I,37,1,18
제2외국어 한문,프랑스어 I,36,3,9
제2외국어 한문,프랑스어 I,35,11,17
제2외국어 한문,프랑스어 I,34,28,26
제2외국어 한문,프랑스어 I,33,11,8
제2외국어 한문,프랑스어 I,32,4,5
제2외국어 한문,프랑스어 I,31,10,11
제2외국어 한문,프랑스어 I,30,3,2
제2외국어 한문,프랑스어 I,29,1,0
제2외국어 한문,프랑스어 I,28,1,1
제2외국어 한문,프랑스어 I,27,0,2
제2외국어 한문,프랑스어 I,26,0,1
제2외국어 한문,스페인어 I,65,0,3
제2외국어 한문,스페인어 I,64,2,7
제2외국어 한문,스페인어 I,63,0,4
제2외국어 한문,스페인어 I,62,7,28
제2외국어 한문,스페인어 I,61,13,70
제2외국어 한문,스페인어 I,60,6,20
제2외국어 한문,스페인어 I,59,17,52
제2외국어 한문,스페인어 I,58,25,53
제2외국어 한문,스페인어 I,57,10,19
제2외국어 한문,스페인어 I,56,8,30
제2외국어 한문,스페인어 I,55,9,12
제2외국어 한문,스페인어 I,54,15,24
제2외국어 한문,스페인어 I,53,5,15
제2외국어 한문,스페인어 I,52,4,19
제2외국어 한문,스페인어 I,51,12,18
제2외국어 한문,스페인어 I,50,2,11
제2외국어 한문,스페인어 I,49,6,14
제2외국어 한문,스페인어 I,48,9,6
제2외국어 한문,스페인어 I,47,11,15
제2외국어 한문,스페인어 I,46,2,5
제2외국어 한문,스페인어 I,45,3,6
제2외국어 한문,스페인어 I,44,5,13
제2외국어 한문,스페인어 I,43,3,9
제2외국어 한문,스페인어 I,42,4,7
제2외국어 한문,스페인어 I,41,2,11
제2외국어 한문,스페인어 I,40,16,17
제2외국어 한문,스페인어 I,39,3,7
제2외국어 한문,스페인어 I,38,4,9
제2외국어 한문,스페인어 I,37,21,14
제2외국어 한문,스페인어 I,36,17,12
제2외국어 한문,스페인어 I,35,7,8
제2외국어 한문,스페인어 I,34,12,15
제2외국어 한문,스페인어 I,33,25,13
제2외국어 한문,스페인어 I,32,6,7
제2외국어 한문,스페인어 I,31,3,1
제2외국어 한문,스페인어 I,30,2,8
제2외국어 한문,스페인어 I,27,0,1
제2외국어 한문,중국어 I,67,0,1
제2외국어 한문,중국어 I,65,9,23
제2외국어 한문,중국어 I,64,21,58
제2외국어 한문,중국어 I,63,0,7
제2외국어 한문,중국어 I,62,42,98
제2외국어 한문,중국어 I,61,64,151
제2외국어 한문,중국어 I,60,6,30
제2외국어 한문,중국어 I,59,49,123
제2외국어 한문,중국어 I,58,6,40
제2외국어 한문,중국어 I,57,42,102
제2외국어 한문,중국어 I,56,30,102
제2외국어 한문,중국어 I,55,16,45
제2외국어 한문,중국어 I,54,22,72
제2외국어 한문,중국어 I,53,11,51
제2외국어 한문,중국어 I,52,9,44
제2외국어 한문,중국어 I,51,28,94
제2외국어 한문,중국어 I,50,10,39
제2외국어 한문,중국어 I,49,12,34
제2외국어 한문,중국어 I,48,12,40
제2외국어 한문,중국어 I,47,18,65
제2외국어 한문,중국어 I,46,11,19
제2외국어 한문,중국어 I,45,13,37
제2외국어 한문,중국어 I,44,8,22
제2외국어 한문,중국어 I,43,5,26
제2외국어 한문,중국어 I,42,25,60
제2외국어 한문,중국어 I,41,18,28
제2외국어 한문,중국어 I,40,15,39
제2외국어 한문,중국어 I,39,18,27
제2외국어 한문,중국어 I,38,14,30
제2외국어 한문,중국어 I,37,37,66
제2외국어 한문,중국어 I,36,33,53
제2외국어 한문,중국어 I,35,17,37
제2외국어 한문,중국어 I,34,13,29
제2외국어 한문,중국어 I,33,21,38
제2외국어 한문,중국어 I,32,23,32
제2외국어 한문,중국어 I,31,7,15
제2외국어 한문,중국어 I,30,6,6
제2외국어 한문,중국어 I,29,2,8
제2외국어 한문,중국어 I,28,2,2
제2외국어 한문,중국어 I,26,2,1
제2외국어 한문,일본어 I,69,2,5
제2외국어 한문,일본어 I,68,17,28
제2외국어 한문,일본어 I,67,1,7
제2외국어 한문,일본어 I,66,27,42
제2외국어 한문,일본어 I,65,6,11
제2외국어 한문,일본어 I,64,47,67
제2외국어 한문,일본어 I,63,23,17
제2외국어 한문,일본어 I,62,48,76
제2외국어 한문,일본어 I,61,26,26
제2외국어 한문,일본어 I,60,35,66
제2외국어 한문,일본어 I,59,84,108
제2외국어 한문,일본어 I,58,31,35
제2외국어 한문,일본어 I,57,34,72
제2외국어 한문,일본어 I,56,41,44
제2외국어 한문,일본어 I,55,39,60
제2외국어 한문,일본어 I,54,39,48
제2외국어 한문,일본어 I,53,38,57
제2외국어 한문,일본어 I,52,40,55
제2외국어 한문,일본어 I,51,36,48
제2외국어 한문,일본어 I,50,77,99
제2외국어 한문,일본어 I,49,36,57
제2외국어 한문,일본어 I,48,24,46
제2외국어 한문,일본어 I,47,22,51
제2외국어 한문,일본어 I,46,26,50
제2외국어 한문,일본어 I,45,18,31
제2외국어 한문,일본어 I,44,26,42
제2외국어 한문,일본어 I,43,22,41
제2외국어 한문,일본어 I,42,18,44
제2외국어 한문,일본어 I,41,57,73
제2외국어 한문,일본어 I,40,21,46
제2외국어 한문,일본어 I,39,23,33
제2외국어 한문,일본어 I,38,28,38
제2외국어 한문,일본어 I,37,36,40
제2외국어 한문,일본어 I,36,28,31
제2외국어 한문,일본어 I,35,25,34
제2외국어 한문,일본어 I,34,27,37
제2외국어 한문,일본어 I,33,40,50
제2외국어 한문,일본어 I,32,21,13
제2외국어 한문,일본어 I,31,11,12
제2외국어 한문,일본어 I,30,11,5
제2외국어 한문,일본어 I,29,5,4
제2외국어 한문,일본어 I,28,2,3
제2외국어 한문,일본어 I,27,0,1
제2외국어 한문,일본어 I,26,2,0
제2외국어 한문,러시아어 I,68,2,5
제2외국어 한문,러시아어 I,67,4,8
제2외국어 한문,러시아어 I,66,6,12
제2외국어 한문,러시아어 I,65,11,19
제2외국어 한문,러시아어 I,64,0,6
제2외국어 한문,러시아어 I,63,5,16
제2외국어 한문,러시아어 I,62,4,11
제2외국어 한문,러시아어 I,61,8,9
제2외국어 한문,러시아어 I,60,2,6
제2외국어 한문,러시아어 I,59,4,7
제2외국어 한문,러시아어 I,58,0,4
제2외국어 한문,러시아어 I,57,0,6
제2외국어 한문,러시아어 I,56,4,6
제2외국어 한문,러시아어 I,55,2,2
제2외국어 한문,러시아어 I,54,1,2
제2외국어 한문,러시아어 I,53,2,1
제2외국어 한문,러시아어 I,52,4,6
제2외국어 한문,러시아어 I,51,1,2
제2외국어 한문,러시아어 I,50,1,4
제2외국어 한문,러시아어 I,49,2,1
제2외국어 한문,러시아어 I,48,5,6
제2외국어 한문,러시아어 I,47,1,8
제2외국어 한문,러시아어 I,46,9,6
제2외국어 한문,러시아어 I,45,6,10
제2외국어 한문,러시아어 I,44,16,21
제2외국어 한문,러시아어 I,43,8,15
제2외국어 한문,러시아어 I,42,31,36
제2외국어 한문,러시아어 I,41,14,15
제2외국어 한문,러시아어 I,40,20,28
제2외국어 한문,러시아어 I,39,8,4
제2외국어 한문,러시아어 I,38,7,6
제2외국어 한문,러시아어 I,37,4,0
제2외국어 한문,아랍어 I,100,3,2
제2외국어 한문,아랍어 I,97,8,15
제2외국어 한문,아랍어 I,96,1,2
제2외국어 한문,아랍어 I,94,15,16
제2외국어 한문,아랍어 I,93,3,3
제2외국어 한문,아랍어 I,92,21,17
제2외국어 한문,아랍어 I,90,14,9
제2외국어 한문,아랍어 I,89,17,19
제2외국어 한문,아랍어 I,87,19,11
제2외국어 한문,아랍어 I,86,22,15
제2외국어 한문,아랍어 I,85,19,21
제2외국어 한문,아랍어 I,83,15,13
제2외국어 한문,아랍어 I,82,18,23
제2외국어 한문,아랍어 I,81,23,17
제2외국어 한문,아랍어 I,79,22,12
제2외국어 한문,아랍어 I,78,27,21
제2외국어 한문,아랍어 I,76,19,22
제2외국어 한문,아랍어 I,75,25,11
제2외국어 한문,아랍어 I,74,36,33
제2외국어 한문,아랍어 I,72,33,27
제2외국어 한문,아랍어 I,71,37,36
제2외국어 한문,아랍어 I,69,33,37
제2외국어 한문,아랍어 I,68,40,53
제2외국어 한문,아랍어 I,67,43,72
제2외국어 한문,아랍어 I,65,42,86
제2외국어 한문,아랍어 I,64,65,95
제2외국어 한문,아랍어 I,63,60,101
제2외국어 한문,아랍어 I,61,97,96
제2외국어 한문,아랍어 I,60,95,153
제2외국어 한문,아랍어 I,58,124,194
제2외국어 한문,아랍어 I,57,180,242
제2외국어 한문,아랍어 I,56,209,264
제2외국어 한문,아랍어 I,54,209,319
제2외국어 한문,아랍어 I,53,302,414
제2외국어 한문,아랍어 I,51,337,485
제2외국어 한문,아랍어 I,50,380,570
제2외국어 한문,아랍어 I,49,440,624
제2외국어 한문,아랍어 I,47,445,690
제2외국어 한문,아랍어 I,46,630,904
제2외국어 한문,아랍어 I,44,497,708
제2외국어 한문,아랍어 I,43,423,592
제2외국어 한문,아랍어 I,42,401,598
제2외국어 한문,아랍어 I,40,264,385
제2외국어 한문,아랍어 I,39,222,256
제2외국어 한문,아랍어 I,38,137,161
제2외국어 한문,아랍어 I,36,75,86
제2외국어 한문,아랍어 I,35,37,53
제2외국어 한문,아랍어 I,33,14,22
제2외국어 한문,아랍어 I,32,3,8
제2외국어 한문,아랍어 I,31,3,4
제2외국어 한문,베트남어 I,67,3,7
제2외국어 한문,베트남어 I,66,15,23
제2외국어 한문,베트남어 I,65,40,43
제2외국어 한문,베트남어 I,64,9,8
제2외국어 한문,베트남어 I,63,22,52
제2외국어 한문,베트남어 I,62,34,54
제2외국어 한문,베트남어 I,61,8,16
제2외국어 한문,베트남어 I,60,21,21
제2외국어 한문,베트남어 I,59,33,39
제2외국어 한문,베트남어 I,58,12,19
제2외국어 한문,베트남어 I,57,18,37
제2외국어 한문,베트남어 I,56,5,20
제2외국어 한문,베트남어 I,55,14,13
제2외국어 한문,베트남어 I,54,17,29
제2외국어 한문,베트남어 I,53,6,8
제2외국어 한문,베트남어 I,52,17,20
제2외국어 한문,베트남어 I,51,5,15
제2외국어 한문,베트남어 I,50,16,15
제2외국어 한문,베트남어 I,49,13,25
제2외국어 한문,베트남어 I,48,13,8
제2외국어 한문,베트남어 I,47,22,34
제2외국어 한문,베트남어 I,46,8,17
제2외국어 한문,베트남어 I,45,7,14
제2외국어 한문,베트남어 I,44,28,31
제2외국어 한문,베트남어 I,43,15,28
제2외국어 한문,베트남어 I,42,43,57
제2외국어 한문,베트남어 I,41,12,24
제2외국어 한문,베트남어 I,40,15,37
제2외국어 한문,베트남어 I,39,45,74
제2외국어 한문,베트남어 I,38,34,38
제2외국어 한문,베트남어 I,37,22,24
제2외국어 한문,베트남어 I,36,20,28
제2외국어 한문,베트남어 I,35,4,9
제2외국어 한문,베트남어 I,34,12,6
제2외국어 한문,베트남어 I,33,2,1
제2외국어 한문,베트남어 I,32,1,0
제2외국어 한문,베트남어 I,31,2,0
제2외국어 한문,한문 I,67,35,18
제2외국어 한문,한문 I,66,3,1
제2외국어 한문,한문 I,65,48,22
제2외국어 한문,한문 I,64,40,26
제2외국어 한문,한문 I,63,13,5
제2외국어 한문,한문 I,62,26,27
제2외국어 한문,한문 I,61,9,8
제2외국어 한문,한문 I,60,38,20
제2외국어 한문,한문 I,59,15,11
제2외국어 한문,한문 I,58,11,7
제2외국어 한문,한문 I,57,30,20
제2외국어 한문,한문 I,56,13,15
제2외국어 한문,한문 I,55,20,11
제2외국어 한문,한문 I,54,14,14
제2외국어 한문,한문 I,53,32,33
제2외국어 한문,한문 I,52,16,20
제2외국어 한문,한문 I,51,14,15
제2외국어 한문,한문 I,50,34,29
제2외국어 한문,한문 I,49,15,13
제2외국어 한문,한문 I,48,22,12
제2외국어 한문,한문 I,47,21,15
제2외국어 한문,한문 I,46,26,35
제2외국어 한문,한문 I,45,16,13
제2외국어 한문,한문 I,44,17,16
제2외국어 한문,한문 I,43,23,53
제2외국어 한문,한문 I,42,14,22
제2외국어 한문,한문 I,41,19,25
제2외국어 한문,한문 I,40,21,24
제2외국어 한문,한문 I,39,25,37
제2외국어 한문,한문 I,38,13,24
제2외국어 한문,한문 I,37,16,17
제2외국어 한문,한문 I,36,21,26
제2외국어 한문,한문 I,35,15,14
제2외국어 한문,한문 I,34,6,9
제2외국어 한문,한문 I,33,6,10
제2외국어 한문,한문 I,32,6,9
제2외국어 한문,한문 I,31,4,1
제2외국어 한문,한문 I,30,1,1
제2외국어 한문,한문 I,29,1,1
